"id","fecha_creacion","id_listas","telefono"
1,"2025-03-24T16:51:30.387Z",10185,"555-4820"
2,"2025-03-24T16:51:30.387Z",10185,"555-2288"
3,"2025-03-24T16:51:30.387Z",10185,"555-8456"
4,"2025-03-24T16:51:30.387Z",10185,"555-2406"
5,"2025-03-24T16:51:30.387Z",10185,"555-7380"
6,"2025-03-24T16:51:30.387Z",10185,"555-5058"
7,"2025-03-24T16:51:30.387Z",10185,"555-7386"
8,"2025-03-24T16:51:30.387Z",10185,"555-1124"
9,"2025-03-24T16:51:30.387Z",10185,"555-4832"
10,"2025-03-24T16:51:30.387Z",10185,"555-1638"
11,"2025-03-24T16:51:30.387Z",10185,"555-4584"
12,"2025-03-24T16:51:30.387Z",10185,"555-9021"
13,"2025-03-24T16:51:30.387Z",10185,"555-8121"
14,"2025-03-24T16:51:30.387Z",10185,"555-8656"
15,"2025-03-24T16:51:30.387Z",10185,"555-3998"
16,"2025-03-24T16:51:30.387Z",10185,"555-7879"
17,"2025-03-24T16:51:30.387Z",10185,"555-7436"
18,"2025-03-24T16:51:30.387Z",10185,"555-9790"
19,"2025-03-24T16:51:30.387Z",10185,"555-8700"
20,"2025-03-24T16:51:30.387Z",10185,"555-4146"
21,"2025-03-24T16:51:30.387Z",10185,"555-2695"
22,"2025-03-24T16:51:30.387Z",10185,"555-9735"
23,"2025-03-24T16:51:30.387Z",10185,"555-5332"
24,"2025-03-24T16:51:30.387Z",10185,"555-5825"
25,"2025-03-24T16:51:30.387Z",10185,"555-2364"
26,"2025-03-24T16:51:30.387Z",10185,"555-7624"
27,"2025-03-24T16:51:30.387Z",10185,"555-7091"
28,"2025-03-24T16:51:30.387Z",10185,"555-3749"
29,"2025-03-24T16:51:30.387Z",10185,"555-7203"
30,"2025-03-24T16:51:30.387Z",10185,"555-7602"
31,"2025-03-24T16:51:30.387Z",10185,"555-8972"
32,"2025-03-24T16:51:30.387Z",10185,"555-7438"
33,"2025-03-24T16:51:30.387Z",10185,"555-1913"
34,"2025-03-24T16:51:30.387Z",10185,"555-7684"
35,"2025-03-24T16:51:30.387Z",10185,"555-8711"
36,"2025-03-24T16:51:30.387Z",10185,"555-9638"
37,"2025-03-24T16:51:30.387Z",10185,"555-7775"
38,"2025-03-24T16:51:30.387Z",10185,"555-7400"
39,"2025-03-24T16:51:30.387Z",10185,"555-3549"
40,"2025-03-24T16:51:30.387Z",10185,"555-6751"
41,"2025-03-24T16:51:30.387Z",10185,"555-5407"
42,"2025-03-24T16:51:30.387Z",10185,"555-4607"
43,"2025-03-24T16:51:30.387Z",10185,"555-1336"
44,"2025-03-24T16:51:30.387Z",10185,"555-7301"
45,"2025-03-24T16:51:30.387Z",10185,"555-7386"
46,"2025-03-24T16:51:30.387Z",10185,"555-6518"
47,"2025-03-24T16:51:30.387Z",10185,"555-4150"
48,"2025-03-24T16:51:30.387Z",10185,"555-9883"
49,"2025-03-24T16:51:30.387Z",10185,"555-9114"
50,"2025-03-24T16:51:30.387Z",10185,"555-3429"