"id","fecha_creacion","id_listas","telefono"
57,"2025-03-10T12:01:48.547Z",15,"555-4820"
58,"2025-03-10T12:01:48.547Z",15,"555-2288"
59,"2025-03-10T12:01:48.547Z",15,"555-8456"
60,"2025-03-10T12:01:48.547Z",15,"555-2406"
61,"2025-03-10T12:01:48.547Z",15,"555-7380"
62,"2025-03-10T12:01:48.547Z",15,"555-5058"
63,"2025-03-10T12:01:48.547Z",15,"555-7386"
64,"2025-03-10T12:01:48.547Z",15,"555-1124"
65,"2025-03-10T12:01:48.547Z",15,"555-4832"
66,"2025-03-10T12:01:48.547Z",15,"555-1638"
67,"2025-03-10T12:01:48.547Z",15,"555-4584"
68,"2025-03-10T12:01:48.547Z",15,"555-9021"
69,"2025-03-10T12:01:48.547Z",15,"555-8121"
70,"2025-03-10T12:01:48.547Z",15,"555-8656"
71,"2025-03-10T12:01:48.547Z",15,"555-3998"
72,"2025-03-10T12:01:48.547Z",15,"555-7879"
73,"2025-03-10T12:01:48.547Z",15,"555-7436"
74,"2025-03-10T12:01:48.547Z",15,"555-9790"
75,"2025-03-10T12:01:48.547Z",15,"555-8700"
76,"2025-03-10T12:01:48.547Z",15,"555-4146"
77,"2025-03-10T12:01:48.547Z",15,"555-2695"
78,"2025-03-10T12:01:48.547Z",15,"555-9735"
79,"2025-03-10T12:01:48.547Z",15,"555-5332"
80,"2025-03-10T12:01:48.547Z",15,"555-5825"
81,"2025-03-10T12:01:48.547Z",15,"555-2364"
82,"2025-03-10T12:01:48.547Z",15,"555-7624"
83,"2025-03-10T12:01:48.547Z",15,"555-7091"
84,"2025-03-10T12:01:48.547Z",15,"555-3749"
85,"2025-03-10T12:01:48.547Z",15,"555-7203"
86,"2025-03-10T12:01:48.547Z",15,"555-7602"
87,"2025-03-10T12:01:48.547Z",15,"555-8972"
88,"2025-03-10T12:01:48.547Z",15,"555-7438"
89,"2025-03-10T12:01:48.547Z",15,"555-1913"
90,"2025-03-10T12:01:48.547Z",15,"555-7684"
91,"2025-03-10T12:01:48.547Z",15,"555-8711"
92,"2025-03-10T12:01:48.547Z",15,"555-9638"
93,"2025-03-10T12:01:48.547Z",15,"555-7775"
94,"2025-03-10T12:01:48.547Z",15,"555-7400"
95,"2025-03-10T12:01:48.547Z",15,"555-3549"
96,"2025-03-10T12:01:48.547Z",15,"555-6751"
97,"2025-03-10T12:01:48.547Z",15,"555-5407"
98,"2025-03-10T12:01:48.547Z",15,"555-4607"
99,"2025-03-10T12:01:48.547Z",15,"555-1336"
100,"2025-03-10T12:01:48.547Z",15,"555-7301"
101,"2025-03-10T12:01:48.547Z",15,"555-7386"
102,"2025-03-10T12:01:48.547Z",15,"555-6518"
103,"2025-03-10T12:01:48.547Z",15,"555-4150"
104,"2025-03-10T12:01:48.547Z",15,"555-9883"
105,"2025-03-10T12:01:48.547Z",15,"555-9114"
106,"2025-03-10T12:01:48.547Z",15,"555-3429"