"id","telefono"
1008793,"555-4820"
1008794,"555-2288"
1008795,"555-8456"
1008796,"555-2406"
1008797,"555-7380"
1008798,"555-5058"
1008799,"555-7386"
1008800,"555-1124"
1008801,"555-4832"
1008802,"555-1638"
1008803,"555-4584"
1008804,"555-9021"
1008805,"555-8121"
1008806,"555-8656"
1008807,"555-3998"
1008808,"555-7879"
1008809,"555-7436"
1008810,"555-9790"
1008811,"555-8700"
1008812,"555-4146"
1008813,"555-2695"
1008814,"555-9735"
1008815,"555-5332"
1008816,"555-5825"
1008817,"555-2364"
1008818,"555-7624"
1008819,"555-7091"
1008820,"555-3749"
1008821,"555-7203"
1008822,"555-7602"
1008823,"555-8972"
1008824,"555-7438"
1008825,"555-1913"
1008826,"555-7684"
1008827,"555-8711"
1008828,"555-9638"
1008829,"555-7775"
1008830,"555-7400"
1008831,"555-3549"
1008832,"555-6751"
1008833,"555-5407"
1008834,"555-4607"
1008835,"555-1336"
1008836,"555-7301"
1008837,"555-7386"
1008838,"555-6518"
1008839,"555-4150"
1008840,"555-9883"
1008841,"555-9114"
1008842,"555-3429"